<?xml version="1.0" encoding="UTF-8"?>

<EpisodeOfCare xmlns="http://hl7.org/fhir">
  <id value="exemplo-episodeofcare-episodio-em-espera"/>
  <meta>
    <profile value="https://hl7.pt/fhir/community-health/StructureDefinition/episodeOfCare-standard"/>
  </meta>
  <text>
    <status value="generated"/><div xmlns="http://www.w3.org/1999/xhtml"><p class="res-header-id"><b>Generated Narrative: EpisodeOfCare exemplo-episodeofcare-episodio-em-espera</b></p><a name="exemplo-episodeofcare-episodio-em-espera"> </a><a name="hcexemplo-episodeofcare-episodio-em-espera"> </a><a name="exemplo-episodeofcare-episodio-em-espera-en-US"> </a><p><b>status</b>: Waitlist</p><p><b>type</b>: <span title="Codes:{https://ehr.p5.pt/api/fhirValueSet/Urgency 1}">Urgent</span></p><p><b>patient</b>: <a href="Patient-exemplo-patient-1.html">John Doe  Male, DoB: 2009-02-09 ( https://ehr.testing.p5.pt/api/fhir#12345678)</a></p><p><b>managingOrganization</b>: <a href="Organization-P5Organization.html">Organization P5</a></p><p><b>period</b>: 2024-06-10 21:47:44+0000 --&gt; (ongoing)</p></div>
  </text>
  <status value="waitlist"/>
  <type>
    <coding>
      <system value="https://ehr.p5.pt/api/fhirValueSet/Urgency"/>
      <code value="1"/>
      <display value="Urgent"/>
    </coding>
  </type>
  <patient>
    <reference value="Patient/exemplo-patient-1"/>
  </patient>
  <managingOrganization>
    <reference value="Organization/P5Organization"/>
  </managingOrganization>
  <period>
    <start value="2024-06-10T21:47:44+00:00"/>
  </period>
</EpisodeOfCare>