<?xml version="1.0" encoding="UTF-8"?>

<MedicationStatement xmlns="http://hl7.org/fhir">
  <id value="c5d03567-a9e6-4a3b-b593-45f7a65a5cd8"/>
  <meta>
    <profile value="https://hl7.pt/fhir/community-health/StructureDefinition/medication-statement-standard"/>
  </meta>
  <text>
    <status value="generated"/><div xmlns="http://www.w3.org/1999/xhtml"><p class="res-header-id"><b>Generated Narrative: MedicationStatement c5d03567-a9e6-4a3b-b593-45f7a65a5cd8</b></p><a name="c5d03567-a9e6-4a3b-b593-45f7a65a5cd8"> </a><a name="hcc5d03567-a9e6-4a3b-b593-45f7a65a5cd8"> </a><a name="c5d03567-a9e6-4a3b-b593-45f7a65a5cd8-en-US"> </a><p><b>status</b>: Active</p><p><b>medication</b>: <span title="Codes:">Fenofibrato Generis, Fenofibrato, 145mg</span></p><p><b>subject</b>: <a href="Patient-exemplo-patient-1.html">John Doe  Male, DoB: 2009-02-09 ( https://ehr.testing.p5.pt/api/fhir#12345678)</a></p><p><b>effective</b>: 2020-11-01 00:00:00+0000 --&gt; (ongoing)</p><blockquote><p><b>dosage</b></p><p><b>timing</b>: Code </p><h3>DoseAndRates</h3><table class="grid"><tr><td style="display: none">-</td><td><b>Dose[x]</b></td></tr><tr><td style="display: none">*</td><td>1 Comprimido<span style="background: LightGoldenRodYellow"> (Details: Orderable Drug Form  codePILL = 'Pill')</span></td></tr></table></blockquote></div>
  </text>
  <status value="active"/>
  <medicationCodeableConcept>
    <text value="Fenofibrato Generis, Fenofibrato, 145mg"/>
  </medicationCodeableConcept>
  <subject>
    <reference value="Patient/exemplo-patient-1"/>
  </subject>
  <effectivePeriod>
    <start value="2020-11-01T00:00:00+00:00"/>
  </effectivePeriod>
  <dosage>
    <timing>
      <code>
        <coding>
          <system value="https://ehr.testing.p5.pt/api/fhir/CodeSystem/medication-frequency"/>
          <code value="1-d"/>
          <display value="1/dia"/>
        </coding>
      </code>
    </timing>
    <doseAndRate>
      <doseQuantity>
        <value value="1"/>
        <unit value="Comprimido"/>
        <system value="http://terminology.hl7.org/CodeSystem/v3-orderableDrugForm"/>
        <code value="PILL"/>
      </doseQuantity>
    </doseAndRate>
  </dosage>
</MedicationStatement>