<?xml version="1.0" encoding="UTF-8"?>

<Observation xmlns="http://hl7.org/fhir">
  <id value="exemplo-observation-desordem-sono"/>
  <meta>
    <profile value="https://hl7.pt/fhir/community-health/StructureDefinition/observation-symptom"/>
  </meta>
  <text>
    <status value="generated"/><div xmlns="http://www.w3.org/1999/xhtml"><p class="res-header-id"><b>Generated Narrative: Observation exemplo-observation-desordem-sono</b></p><a name="exemplo-observation-desordem-sono"> </a><a name="hcexemplo-observation-desordem-sono"> </a><a name="exemplo-observation-desordem-sono-en-US"> </a><p><b>status</b>: Final</p><p><b>code</b>: <span title="Codes:{http://loinc.org 75325-1}">Symptom</span></p><p><b>subject</b>: <a href="Patient-exemplo-patient-1.html">John Doe  Male, DoB: 2009-02-09 ( https://ehr.testing.p5.pt/api/fhir#12345678)</a></p><p><b>encounter</b>: <a href="Encounter-exemplo-encounter-ia-registo.html">Encounter: status = finished; class = emergency (ActCode#EMER); type = Avaliador de Sintomas; serviceType = Algoritmo de Inteligência Artificial; period = 2024-11-18 19:20:00+0000 --&gt; 2024-11-18 19:20:00+0000</a></p><p><b>value</b>: <span title="Codes:{https://ehr.p5.pt/terminology/CodeSystem/symptoms 125}">Sleep disorder</span></p><p><b>note</b>: this symptom just started a few hours ago (By RelatedPerson/exemplo-relatedPerson-1)</p><blockquote><p><b>component</b></p><p><b>code</b>: <span title="Codes:{symptoms-properties isSpecific}">isSpecific</span></p><p><b>value</b>: true</p></blockquote><blockquote><p><b>component</b></p><p><b>code</b>: <span title="Codes:{symptoms-properties isNonSpecific}">isNonSpecific</span></p><p><b>value</b>: false</p></blockquote><blockquote><p><b>component</b></p><p><b>code</b>: <span title="Codes:{symptoms-properties isGeneral}">isGeneral</span></p><p><b>value</b>: false</p></blockquote></div>
  </text>
  <status value="final"/>
  <code>
    <coding>
      <system value="http://loinc.org"/>
      <code value="75325-1"/>
      <display value="Symptom"/>
    </coding>
  </code>
  <subject>
    <reference value="Patient/exemplo-patient-1"/>
  </subject>
  <encounter>
    <reference value="Encounter/exemplo-encounter-ia-registo"/>
  </encounter>
  <valueCodeableConcept>
    <coding>
      <system value="https://ehr.p5.pt/terminology/CodeSystem/symptoms"/>
      <code value="125"/>
      <display value="Sleep disorder"/>
    </coding>
  </valueCodeableConcept>
  <note>
    <authorReference>
      <reference value="RelatedPerson/exemplo-relatedPerson-1"/>
    </authorReference>
    <text value="this symptom just started a few hours ago"/>
  </note>
  <component>
    <code>
      <coding>
        <system value="symptoms-properties"/>
        <code value="isSpecific"/>
      </coding>
    </code>
    <valueBoolean value="true"/>
  </component>
  <component>
    <code>
      <coding>
        <system value="symptoms-properties"/>
        <code value="isNonSpecific"/>
      </coding>
    </code>
    <valueBoolean value="false"/>
  </component>
  <component>
    <code>
      <coding>
        <system value="symptoms-properties"/>
        <code value="isGeneral"/>
      </coding>
    </code>
    <valueBoolean value="false"/>
  </component>
</Observation>