<?xml version="1.0" encoding="UTF-8"?>

<Patient xmlns="http://hl7.org/fhir">
  <id value="PatientTCCS2"/>
  <meta>
    <profile value="https://ehr.testing.p5.pt/api/fhir/StructureDefinition/PatientTCCS"/>
  </meta>
  <text>
    <status value="generated"/><div xmlns="http://www.w3.org/1999/xhtml"><p class="res-header-id"><b>Generated Narrative: Patient PatientTCCS2</b></p><a name="PatientTCCS2"> </a><a name="hcPatientTCCS2"> </a><a name="PatientTCCS2-en-US"> </a><p style="border: 1px #661aff solid; background-color: #e6e6ff; padding: 10px;">Michael Johnson  Male, DoB: 2008-10-22 ( https://ehr.testing.p5.pt/api/fhir#98765432)</p><hr/><table class="grid"><tr><td style="background-color: #f3f5da" title="Ways to contact the Patient">Contact Detail</td><td colspan="3"><ul><li><a href="tel:+351777777777">+351777777777</a></li><li><a href="mailto:michael.johnson@email.com">michael.johnson@email.com</a></li></ul></td></tr></table></div>
  </text>
  <identifier>
    <system value="https://ehr.testing.p5.pt/api/fhir"/>
    <value value="98765432"/>
  </identifier>
  <name>
    <family value="Johnson"/>
    <given value="Michael"/>
  </name>
  <telecom>
    <system value="phone"/>
    <value value="+351777777777"/>
  </telecom>
  <telecom>
    <system value="email"/>
    <value value="michael.johnson@email.com"/>
  </telecom>
  <gender value="male"/>
  <birthDate value="2008-10-22"/>
</Patient>