{
  "resourceType" : "Patient",
  "id" : "PatientTCCS3",
  "meta" : {
    "profile" : ["https://ehr.testing.p5.pt/api/fhir/StructureDefinition/PatientTCCS"]
  },
  "text" : {
    "status" : "generated",
    "div" : "<div xmlns=\"http://www.w3.org/1999/xhtml\"><p class=\"res-header-id\"><b>Generated Narrative: Patient PatientTCCS3</b></p><a name=\"PatientTCCS3\"> </a><a name=\"hcPatientTCCS3\"> </a><a name=\"PatientTCCS3-en-US\"> </a><p style=\"border: 1px #661aff solid; background-color: #e6e6ff; padding: 10px;\">Emily Williams  Female, DoB: 2011-07-03 ( https://ehr.testing.p5.pt/api/fhir#13579246)</p><hr/><table class=\"grid\"><tr><td style=\"background-color: #f3f5da\" title=\"Ways to contact the Patient\">Contact Detail</td><td colspan=\"3\"><ul><li><a href=\"tel:+351666666666\">+351666666666</a></li><li><a href=\"mailto:emily.williams@email.com\">emily.williams@email.com</a></li></ul></td></tr></table></div>"
  },
  "identifier" : [{
    "system" : "https://ehr.testing.p5.pt/api/fhir",
    "value" : "13579246"
  }],
  "name" : [{
    "family" : "Williams",
    "given" : ["Emily"]
  }],
  "telecom" : [{
    "system" : "phone",
    "value" : "+351666666666"
  },
  {
    "system" : "email",
    "value" : "emily.williams@email.com"
  }],
  "gender" : "female",
  "birthDate" : "2011-07-03"
}