{
  "resourceType" : "Condition",
  "id" : "ConditionCold",
  "meta" : {
    "profile" : ["http://triage-counseling-clinical-system.org/fhir/StructureDefinition/Diagnosis"]
  },
  "text" : {
    "status" : "generated",
    "div" : "<div xmlns=\"http://www.w3.org/1999/xhtml\"><p class=\"res-header-id\"><b>Generated Narrative: Condition ConditionCold</b></p><a name=\"ConditionCold\"> </a><a name=\"hcConditionCold\"> </a><a name=\"ConditionCold-en-US\"> </a><p><b>identifier</b>: <code>http://example.org/identifiers</code>/163</p><p><b>code</b>: <span title=\"Codes:{http://snomed.info/sct 82272006}, {http://hl7.org/fhir/sid/icd-10 J00}, {http://www.kith.no/snomed/icpc2 R74}\">Common cold</span></p><p><b>subject</b>: <a href=\"Patient-PatientTCCS.html\">John Doe  Male, DoB: 2009-02-09 ( https://ehr.testing.p5.pt/api/fhir#12345678)</a></p><p><b>encounter</b>: <a href=\"Encounter-EncounterFirst.html\">Encounter: status = finished; class = Emergency (ActCode#EMER); type = </a></p></div>"
  },
  "identifier" : [{
    "system" : "http://example.org/identifiers",
    "value" : "163"
  }],
  "code" : {
    "coding" : [{
      "system" : "http://snomed.info/sct",
      "code" : "82272006",
      "display" : "Common cold"
    },
    {
      "system" : "http://hl7.org/fhir/sid/icd-10",
      "code" : "J00",
      "display" : "Acute nasopharyngitis [common cold]"
    },
    {
      "system" : "http://www.kith.no/snomed/icpc2",
      "code" : "R74",
      "display" : "Upper respiratory infection acute"
    }],
    "text" : "Common cold"
  },
  "subject" : {
    "reference" : "Patient/PatientTCCS"
  },
  "encounter" : {
    "reference" : "Encounter/EncounterFirst"
  }
}