{
  "resourceType" : "Encounter",
  "id" : "HumanEncounter",
  "meta" : {
    "profile" : ["https://ehr.testing.p5.pt/api/fhir/StructureDefinition/HumanEncounter"]
  },
  "text" : {
    "status" : "generated",
    "div" : "<div xmlns=\"http://www.w3.org/1999/xhtml\"><p class=\"res-header-id\"><b>Generated Narrative: Encounter HumanEncounter</b></p><a name=\"HumanEncounter\"> </a><a name=\"hcHumanEncounter\"> </a><a name=\"HumanEncounter-en-US\"> </a><p><b>status</b>: Finished</p><p><b>class</b>: <a href=\"http://terminology.hl7.org/6.0.2/CodeSystem-v3-ActCode.html#v3-ActCode-EMER\">ActCode</a> EMER: Emergency</p><p><b>subject</b>: <a href=\"Patient-PatientTCCS.html\">John Doe  Male, DoB: 2009-02-09 ( https://ehr.testing.p5.pt/api/fhir#12345678)</a></p><p><b>episodeOfCare</b>: <a href=\"EpisodeOfCare-EpisodeOfCareTCCS.html\">EpisodeOfCare: status = active; period = 2024-01-28 08:00:00+0000 --&gt; (ongoing)</a></p><blockquote><p><b>participant</b></p></blockquote><blockquote><p><b>diagnosis</b></p><p><b>condition</b>: <a href=\"Condition-ConditionCold.html\">Condition Common cold</a></p></blockquote><blockquote><p><b>diagnosis</b></p><p><b>condition</b>: <a href=\"Condition-ConditionTonsillitis.html\">Condition Tonsillitis (disorder)</a></p></blockquote></div>"
  },
  "status" : "finished",
  "class" : {
    "system" : "http://terminology.hl7.org/CodeSystem/v3-ActCode",
    "code" : "EMER",
    "display" : "Emergency"
  },
  "subject" : {
    "reference" : "Patient/PatientTCCS"
  },
  "episodeOfCare" : [{
    "reference" : "EpisodeOfCare/EpisodeOfCareTCCS"
  }],
  "participant" : [null],
  "diagnosis" : [{
    "condition" : {
      "reference" : "Condition/ConditionCold"
    }
  },
  {
    "condition" : {
      "reference" : "Condition/ConditionTonsillitis"
    }
  }]
}