<?xml version="1.0" encoding="UTF-8"?>

<EpisodeOfCare xmlns="http://hl7.org/fhir">
  <id value="EpisodeOfCareTCCS"/>
  <meta>
    <profile value="https://ehr.testing.p5.pt/api/fhir/StructureDefinition/EpisodeOfCareTCCS"/>
  </meta>
  <text>
    <status value="generated"/><div xmlns="http://www.w3.org/1999/xhtml"><p class="res-header-id"><b>Generated Narrative: EpisodeOfCare EpisodeOfCareTCCS</b></p><a name="EpisodeOfCareTCCS"> </a><a name="hcEpisodeOfCareTCCS"> </a><a name="EpisodeOfCareTCCS-en-US"> </a><p><b>status</b>: Active</p><p><b>patient</b>: <a href="Patient-PatientTCCS.html">John Doe  Male, DoB: 2009-02-09 ( https://ehr.testing.p5.pt/api/fhir#12345678)</a></p><p><b>managingOrganization</b>: <a href="Organization-P5Organization.html">Organization P5</a></p><p><b>period</b>: 2024-01-28 08:00:00+0000 --&gt; (ongoing)</p><p><b>careManager</b>: <a href="Practitioner-Practitioner1.html">Practitioner John Smith </a></p></div>
  </text>
  <status value="active"/>
  <patient>
    <reference value="Patient/PatientTCCS"/>
  </patient>
  <managingOrganization>
    <reference value="Organization/P5Organization"/>
  </managingOrganization>
  <period>
    <start value="2024-01-28T08:00:00.000Z"/>
  </period>
  <careManager>
    <reference value="Practitioner/Practitioner1"/>
  </careManager>
</EpisodeOfCare>