<?xml version="1.0" encoding="UTF-8"?>

<Patient xmlns="http://hl7.org/fhir">
  <id value="PatientTCCS3"/>
  <meta>
    <profile value="https://ehr.testing.p5.pt/api/fhir/StructureDefinition/PatientTCCS"/>
  </meta>
  <text>
    <status value="generated"/><div xmlns="http://www.w3.org/1999/xhtml"><p class="res-header-id"><b>Generated Narrative: Patient PatientTCCS3</b></p><a name="PatientTCCS3"> </a><a name="hcPatientTCCS3"> </a><a name="PatientTCCS3-en-US"> </a><p style="border: 1px #661aff solid; background-color: #e6e6ff; padding: 10px;">Emily Williams  Female, DoB: 2011-07-03 ( https://ehr.testing.p5.pt/api/fhir#13579246)</p><hr/><table class="grid"><tr><td style="background-color: #f3f5da" title="Ways to contact the Patient">Contact Detail</td><td colspan="3"><ul><li><a href="tel:+351666666666">+351666666666</a></li><li><a href="mailto:emily.williams@email.com">emily.williams@email.com</a></li></ul></td></tr></table></div>
  </text>
  <identifier>
    <system value="https://ehr.testing.p5.pt/api/fhir"/>
    <value value="13579246"/>
  </identifier>
  <name>
    <family value="Williams"/>
    <given value="Emily"/>
  </name>
  <telecom>
    <system value="phone"/>
    <value value="+351666666666"/>
  </telecom>
  <telecom>
    <system value="email"/>
    <value value="emily.williams@email.com"/>
  </telecom>
  <gender value="female"/>
  <birthDate value="2011-07-03"/>
</Patient>