<?xml version="1.0" encoding="UTF-8"?>

<Patient xmlns="http://hl7.org/fhir">
  <id value="PatientTCCS4"/>
  <meta>
    <profile value="https://ehr.testing.p5.pt/api/fhir/StructureDefinition/PatientTCCS"/>
  </meta>
  <text>
    <status value="generated"/><div xmlns="http://www.w3.org/1999/xhtml"><p class="res-header-id"><b>Generated Narrative: Patient PatientTCCS4</b></p><a name="PatientTCCS4"> </a><a name="hcPatientTCCS4"> </a><a name="PatientTCCS4-en-US"> </a><p style="border: 1px #661aff solid; background-color: #e6e6ff; padding: 10px;">Christopher Brown  Male, DoB: 2007-12-18 ( https://ehr.testing.p5.pt/api/fhir#24681357)</p><hr/><table class="grid"><tr><td style="background-color: #f3f5da" title="Ways to contact the Patient">Contact Detail</td><td colspan="3"><ul><li><a href="tel:+351555555555">+351555555555</a></li><li><a href="mailto:christopher.brown@email.com">christopher.brown@email.com</a></li></ul></td></tr></table></div>
  </text>
  <identifier>
    <system value="https://ehr.testing.p5.pt/api/fhir"/>
    <value value="24681357"/>
  </identifier>
  <name>
    <family value="Brown"/>
    <given value="Christopher"/>
  </name>
  <telecom>
    <system value="phone"/>
    <value value="+351555555555"/>
  </telecom>
  <telecom>
    <system value="email"/>
    <value value="christopher.brown@email.com"/>
  </telecom>
  <gender value="male"/>
  <birthDate value="2007-12-18"/>
</Patient>