{
  "package": "my-ig",
  "version": "1.0.0",
  "fhirVersion": "4.0.1",
  "jurisdiction": "001",
  "extensions": [
    {
      "url": "http://example.com/fhir/example/StructureDefinition/DiagnosisProbability",
      "title": "Diagnosis Probability",
      "types": [
        "integer"
      ]
    },
    {
      "url": "http://example.com/fhir/example/StructureDefinition/ModifierExtensionOrganization",
      "title": "Modifier Extension Organization",
      "types": [
        "base64Binary",
        "boolean",
        "canonical",
        "code",
        "date",
        "dateTime",
        "decimal",
        "id",
        "instant",
        "integer",
        "markdown",
        "oid",
        "positiveInt",
        "string",
        "time",
        "unsignedInt",
        "uri",
        "url",
        "uuid",
        "Address",
        "Age",
        "Annotation",
        "Attachment",
        "CodeableConcept",
        "Coding",
        "ContactPoint",
        "Count",
        "Distance",
        "Duration",
        "HumanName",
        "Identifier",
        "Money",
        "Period",
        "Quantity",
        "Range",
        "Ratio",
        "Reference",
        "SampledData",
        "Signature",
        "Timing",
        "ContactDetail",
        "Contributor",
        "DataRequirement",
        "Expression",
        "ParameterDefinition",
        "RelatedArtifact",
        "TriggerDefinition",
        "UsageContext",
        "Dosage",
        "Meta",
        "Reference"
      ]
    },
    {
      "url": "http://example.com/fhir/example/StructureDefinition/PatientIdentifier",
      "title": "Patient Identifier",
      "types": [
        "Reference"
      ]
    }
  ],
  "profiles": {
    "AllergyIntolerance": [
      {
        "url": "http://example.com/fhir/example/StructureDefinition/AllergyIntoleranceTCSS",
        "title": "AllergyIntoleranceAllergyIntoleranceTCSS"
      }
    ],
    "CarePlan": [
      {
        "url": "http://example.com/fhir/example/StructureDefinition/CarePlanEncounter",
        "title": "CarePlanEncounter"
      }
    ],
    "ClinicalImpression": [
      {
        "url": "http://example.com/fhir/example/StructureDefinition/ClinicalImpressionEncounter",
        "title": "ClinicalImpressionEncouClinicalImpressionnter"
      }
    ],
    "Condition": [
      {
        "url": "http://example.com/fhir/example/StructureDefinition/ConditionDiagnosis",
        "title": "Diagnosis"
      }
    ],
    "Encounter": [
      {
        "url": "http://example.com/fhir/example/StructureDefinition/HumanEncounter",
        "title": "HumanEncounter"
      }
    ],
    "EpisodeOfCare": [
      {
        "url": "http://example.com/fhir/example/StructureDefinition/EpisodeOfCareTCCS",
        "title": "Episode Of Care"
      }
    ],
    "Communication": [
      {
        "url": "http://example.com/fhir/example/StructureDefinition/HumanMessages",
        "title": "Messages"
      }
    ],
    "MedicationRequest": [
      {
        "url": "http://example.com/fhir/example/StructureDefinition/MedicationRequestEncounter",
        "title": "MedicationRequestEncouMedicationRequestnter"
      }
    ],
    "MedicationStatement": [
      {
        "url": "http://example.com/fhir/example/StructureDefinition/MedicationStatementEncounter",
        "title": "MedicationStatement Encounter"
      }
    ],
    "Observation": [
      {
        "url": "http://example.com/fhir/example/StructureDefinition/ObservationSymptomDuration",
        "title": "Observation - Symptoms Duration"
      },
      {
        "url": "http://example.com/fhir/example/StructureDefinition/ObservationSymptoms",
        "title": "Observation - Symptoms"
      }
    ],
    "Patient": [
      {
        "url": "http://example.com/fhir/example/StructureDefinition/PatientTCCS",
        "title": "Patient (TCCS)"
      }
    ],
    "RelatedPerson": [
      {
        "url": "http://example.com/fhir/example/StructureDefinition/RelatedPersonTCCS",
        "title": "Related Person (TCCS)"
      }
    ]
  },
  "usage": {
    "http://example.com/fhir/example/StructureDefinition/DiagnosisProbability": [
      "Condition"
    ],
    "http://example.com/fhir/example/StructureDefinition/ModifierExtensionOrganization": [
      "EpisodeOfCare"
    ],
    "http://example.com/fhir/example/StructureDefinition/PatientIdentifier": [
      "RelatedPerson"
    ],
    "http://hl7.org/fhir/StructureDefinition/elementdefinition-bestpractice": [
      "StructureDefinition.snapshot.element.constraint"
    ],
    "http://hl7.org/fhir/StructureDefinition/elementdefinition-bestpractice-explanation": [
      "StructureDefinition.snapshot.element.constraint"
    ],
    "http://hl7.org/fhir/StructureDefinition/elementdefinition-bindingName": [
      "StructureDefinition.snapshot.element.binding"
    ],
    "http://hl7.org/fhir/StructureDefinition/elementdefinition-maxValueSet": [
      "StructureDefinition.snapshot.element.binding"
    ],
    "http://hl7.org/fhir/StructureDefinition/elementdefinition-translatable": [
      "StructureDefinition.snapshot.element"
    ],
    "http://hl7.org/fhir/StructureDefinition/structuredefinition-display-hint": [
      "StructureDefinition.snapshot.element"
    ],
    "http://hl7.org/fhir/StructureDefinition/structuredefinition-fhir-type": [
      "StructureDefinition.snapshot.element.type"
    ],
    "http://hl7.org/fhir/StructureDefinition/structuredefinition-hierarchy": [
      "StructureDefinition.snapshot.element.type"
    ],
    "http://hl7.org/fhir/StructureDefinition/translation": [
      "Condition"
    ],
    "http://hl7.org/fhir/tools/StructureDefinition/additional-binding": [
      "StructureDefinition.differential.element.binding",
      "StructureDefinition.snapshot.element.binding"
    ],
    "http://hl7.org/fhir/tools/StructureDefinition/ig-internal-dependency": [
      "ImplementationGuide.definition"
    ],
    "http://hl7.org/fhir/tools/StructureDefinition/ig-page-name": [
      "ImplementationGuide.definition.page",
      "ImplementationGuide.definition.page.page"
    ],
    "http://hl7.org/fhir/tools/StructureDefinition/ig-parameter": [
      "ImplementationGuide.definition"
    ],
    "http://hl7.org/fhir/tools/StructureDefinition/implementationguide-dependency-comment": [
      "ImplementationGuide.dependsOn"
    ],
    "http://hl7.org/fhir/tools/StructureDefinition/resource-information": [
      "ImplementationGuide.definition.resource"
    ],
    "https://ehr.p5.pt/api/fhir/StructureDefinition/granted-organization": [
      "EpisodeOfCare"
    ],
    "https://ehr.testing.p5.pt/api/fhir/StructureDefinition/PatientIdentifier": [
      "RelatedPerson"
    ]
  }
}