{
  "codeSystems" : [
    {
      "url" : "http://hl7.org/fhir/ValueSet/encounter-status",
      "version" : "4.0.1",
      "status" : "draft",
      "name" : "EncounterStatus",
      "title" : "EncounterStatus",
      "description" : "Current state of the encounter.",
      "systems" : ["http://hl7.org/fhir/encounter-status"],
      "oids" : ["2.16.840.1.113883.4.642.3.246"],
      "sources" : ["2.16.840.1.113883.4.642.3.246"],
      "uses" : {
      },
      "StructureDefinition-EncounterFirst.html" : "Encounter - Iteraction with the artificial intelligence algorithm",
      "StructureDefinition-HumanEncounter.html" : "HumanEncounter"
    },
    {
      "url" : "http://terminology.hl7.org/ValueSet/v3-ActEncounterCode",
      "version" : "3.0.0",
      "status" : "active",
      "name" : "ActEncounterCode",
      "title" : "ActEncounterCode",
      "description" : "Domain provides codes that qualify the ActEncounterClass (ENC)",
      "systems" : ["http://terminology.hl7.org/CodeSystem/v3-ActCode"],
      "oids" : ["2.16.840.1.113883.1.11.13955"],
      "sources" : ["2.16.840.1.113883.1.11.13955"],
      "uses" : {
      },
      "StructureDefinition-EncounterFirst.html" : "Encounter - Iteraction with the artificial intelligence algorithm",
      "StructureDefinition-HumanEncounter.html" : "HumanEncounter"
    }
  ]
}
