{
  "resourceType" : "Condition",
  "id" : "exemplo-condition-gravidez-risco",
  "meta" : {
    "profile" : ["https://hl7.pt/fhir/community-health/StructureDefinition/condition-critical-disease"]
  },
  "text" : {
    "status" : "generated",
    "div" : "<div xmlns=\"http://www.w3.org/1999/xhtml\"><p class=\"res-header-id\"><b>Generated Narrative: Condition exemplo-condition-gravidez-risco</b></p><a name=\"exemplo-condition-gravidez-risco\"> </a><a name=\"hcexemplo-condition-gravidez-risco\"> </a><a name=\"exemplo-condition-gravidez-risco-en-US\"> </a><p><b>clinicalStatus</b>: <span title=\"Codes:{http://terminology.hl7.org/CodeSystem/condition-clinical active}\">Active</span></p><p><b>category</b>: <span title=\"Codes:{http://terminology.hl7.org/CodeSystem/condition-category critical}\">critical</span></p><p><b>code</b>: <span title=\"Codes:\">Gravidez de risco</span></p><p><b>subject</b>: <a href=\"Patient-exemplo-patient-1.html\">John Doe  Male, DoB: 2009-02-09 ( https://ehr.testing.p5.pt/api/fhir#12345678)</a></p><p><b>note</b>: Gravidez considerada de risco por hipertensão.</p></div>"
  },
  "clinicalStatus" : {
    "coding" : [{
      "system" : "http://terminology.hl7.org/CodeSystem/condition-clinical",
      "code" : "active",
      "display" : "Active"
    }]
  },
  "category" : [{
    "coding" : [{
      "system" : "http://terminology.hl7.org/CodeSystem/condition-category",
      "code" : "critical"
    }]
  }],
  "code" : {
    "text" : "Gravidez de risco"
  },
  "subject" : {
    "reference" : "Patient/exemplo-patient-1"
  },
  "note" : [{
    "text" : "Gravidez considerada de risco por hipertensão."
  }]
}