{
  "resourceType" : "Observation",
  "id" : "exemplo-observation-dor",
  "meta" : {
    "profile" : ["https://hl7.pt/fhir/community-health/StructureDefinition/observation-symptom"]
  },
  "text" : {
    "status" : "generated",
    "div" : "<div xmlns=\"http://www.w3.org/1999/xhtml\"><p class=\"res-header-id\"><b>Generated Narrative: Observation exemplo-observation-dor</b></p><a name=\"exemplo-observation-dor\"> </a><a name=\"hcexemplo-observation-dor\"> </a><a name=\"exemplo-observation-dor-en-US\"> </a><p><b>status</b>: Final</p><p><b>code</b>: <span title=\"Codes:{http://loinc.org 75325-1}\">Symptom</span></p><p><b>subject</b>: <a href=\"Patient-exemplo-patient-1.html\">John Doe  Male, DoB: 2009-02-09 ( https://ehr.testing.p5.pt/api/fhir#12345678)</a></p><p><b>encounter</b>: <a href=\"Encounter-exemplo-encounter-ia-registo.html\">Encounter: status = finished; class = emergency (ActCode#EMER); type = Avaliador de Sintomas; serviceType = Algoritmo de Inteligência Artificial; period = 2024-11-18 19:20:00+0000 --&gt; 2024-11-18 19:20:00+0000</a></p><p><b>value</b>: <span title=\"Codes:{https://ehr.p5.pt/terminology/CodeSystem/symptoms 32}\">Pain</span></p><p><b>note</b>: this symptom just started a few hours ago (By RelatedPerson/exemplo-relatedPerson-1)</p><blockquote><p><b>component</b></p><p><b>code</b>: <span title=\"Codes:{symptoms-properties isSpecific}\">isSpecific</span></p><p><b>value</b>: true</p></blockquote><blockquote><p><b>component</b></p><p><b>code</b>: <span title=\"Codes:{symptoms-properties isNonSpecific}\">isNonSpecific</span></p><p><b>value</b>: false</p></blockquote><blockquote><p><b>component</b></p><p><b>code</b>: <span title=\"Codes:{symptoms-properties isGeneral}\">isGeneral</span></p><p><b>value</b>: false</p></blockquote></div>"
  },
  "status" : "final",
  "code" : {
    "coding" : [{
      "system" : "http://loinc.org",
      "code" : "75325-1",
      "display" : "Symptom"
    }]
  },
  "subject" : {
    "reference" : "Patient/exemplo-patient-1"
  },
  "encounter" : {
    "reference" : "Encounter/exemplo-encounter-ia-registo"
  },
  "valueCodeableConcept" : {
    "coding" : [{
      "system" : "https://ehr.p5.pt/terminology/CodeSystem/symptoms",
      "code" : "32",
      "display" : "Pain"
    }]
  },
  "note" : [{
    "authorReference" : {
      "reference" : "RelatedPerson/exemplo-relatedPerson-1"
    },
    "text" : "this symptom just started a few hours ago"
  }],
  "component" : [{
    "code" : {
      "coding" : [{
        "system" : "symptoms-properties",
        "code" : "isSpecific"
      }]
    },
    "valueBoolean" : true
  },
  {
    "code" : {
      "coding" : [{
        "system" : "symptoms-properties",
        "code" : "isNonSpecific"
      }]
    },
    "valueBoolean" : false
  },
  {
    "code" : {
      "coding" : [{
        "system" : "symptoms-properties",
        "code" : "isGeneral"
      }]
    },
    "valueBoolean" : false
  }]
}