{
  "resourceType" : "Patient",
  "id" : "exemplo-patient-3",
  "meta" : {
    "profile" : ["https://hl7.pt/fhir/community-health/StructureDefinition/patient-tccs",
    "https://ehr.testing.p5.pt/api/fhir/StructureDefinition/PatientTCCS"]
  },
  "text" : {
    "status" : "generated",
    "div" : "<div xmlns=\"http://www.w3.org/1999/xhtml\"><p class=\"res-header-id\"><b>Generated Narrative: Patient exemplo-patient-3</b></p><a name=\"exemplo-patient-3\"> </a><a name=\"hcexemplo-patient-3\"> </a><a name=\"exemplo-patient-3-en-US\"> </a><p style=\"border: 1px #661aff solid; background-color: #e6e6ff; padding: 10px;\">Michael Johnson  Male, DoB: 2008-10-22 ( https://ehr.testing.p5.pt/api/fhir#98765432)</p><hr/><table class=\"grid\"><tr><td style=\"background-color: #f3f5da\" title=\"Ways to contact the Patient\">Contact Detail</td><td colspan=\"3\"><ul><li><a href=\"tel:+351777777777\">+351777777777</a></li><li><a href=\"mailto:michael.johnson@email.com\">michael.johnson@email.com</a></li></ul></td></tr></table></div>"
  },
  "identifier" : [{
    "system" : "https://ehr.testing.p5.pt/api/fhir",
    "value" : "98765432"
  }],
  "name" : [{
    "family" : "Johnson",
    "given" : ["Michael"]
  }],
  "telecom" : [{
    "system" : "phone",
    "value" : "+351777777777"
  },
  {
    "system" : "email",
    "value" : "michael.johnson@email.com"
  }],
  "gender" : "male",
  "birthDate" : "2008-10-22"
}